{"cameraMode":{"drawMode":0,"name":"Shaded","section":"Shading Mode"},"sceneLighting":true,"audioPlay":false,"sceneViewState":{"showFog":true,"showMaterialUpdate":false,"showSkybox":true,"showFlares":true,"showImageEffects":true,"showParticleSystems":true},"in2DMode":false,"pivot":{"x":0.8337421417236328,"y":3.7226476669311525,"z":-8.866783142089844},"rotation":{"x":-0.07539286464452744,"y":0.44338399171829226,"z":-0.03745555877685547,"w":-0.8923696875572205},"size":16.689485549926759,"orthographic":false}